model,accuracy
LR,0.821428571
SVM,0.848214286
Tree,0.857142857
KNN,0.833928571